TransactionIndex,AlbarakaIndex,Number of ALB Indexes,GrandeLivreIndex,Number of GL Indexes,Date Discrepancy,Amount,Amount Discrepancy,Post Day,Post Month,Post Year,Value Day,Value Month,Value Year,libdesc,reftran,GL Memo,Bank Account,Bank Name,Bank Currency,GL Company
743,[773],1,[],0,0,-1500,,7,5,2002,7,5,2002,retraitespeces,rcashbachar,,7.89E+12,CTD,TNC,
16643,[16792],1,[],0,0,-612.44,,14,5,2002,14,5,2002,retraitespeces,rcashdere,,8.40E+12,USD,USD,
16646,[16795],1,[],0,0,-251,,24,5,2002,24,5,2002,retraitespeces,rcashghra,,8.40E+12,USD,USD,
16648,[16797],1,[],0,0,-200.8,,28,5,2002,28,5,2002,retraitespeces,rcashrobe,,8.40E+12,USD,USD,
16660,[16809],1,[],0,0,-502,,6,6,2002,6,6,2002,retraitespeces,rcashbob,,8.40E+12,USD,USD,
16662,[16811],1,[],0,0,-200.8,,13,6,2002,13,6,2002,retraitespeces,rcashpaul,,8.40E+12,USD,USD,
16665,[16814],1,[],0,0,-1857.4,,18,6,2002,18,6,2002,retraitespeces,rcashdere,,8.40E+12,USD,USD,
16673,[16822],1,[],0,0,-502,,1,7,2002,1,7,2002,retraitespeces,rcashghram,,8.40E+12,USD,USD,
16674,[16823],1,[],0,0,-1305.2,,1,7,2002,1,7,2002,retraitespeces,rcashspin,,8.40E+12,USD,USD,
16685,[16834],1,[],0,0,-692.76,,11,7,2002,11,7,2002,retraitespeces,rcashbach,,8.40E+12,USD,USD,
903,[933],1,[],0,0,-1500,,19,7,2002,19,7,2002,retraitespeces,rcashbach,,7.89E+12,CTD,TNC,
16710,[16859],1,[],0,0,-251,,1,8,2002,1,8,2002,retraitespeces,retfavba,,8.40E+12,USD,USD,
16716,[16865],1,[],0,0,-5020,,8,8,2002,8,8,2002,retraitespeces,retraitca,,8.40E+12,USD,USD,
16735,[16884],1,[],0,0,-725.89,,2,9,2002,2,9,2002,retraitespeces,rcashste,,8.40E+12,USD,USD,
16748,[16897],1,[],0,0,-5020,,9,9,2002,9,9,2002,retraitespeces,rcashihram,,8.40E+12,USD,USD,
16754,[16903],1,[],0,0,-502,,13,9,2002,13,9,2002,retraitespeces,rcashrobe,,8.40E+12,USD,USD,
16781,[16930],1,[],0,0,-8534,,16,10,2002,16,10,2002,retraitespeces,rcashloui,,8.40E+12,USD,USD,
16783,[16932],1,[],0,0,-617.46,,17,10,2002,17,10,2002,retraitespeces,rcashchri,,8.40E+12,USD,USD,
16793,[16942],1,[],0,0,-3012,,31,10,2002,31,10,2002,retraitespeces,rcashbach,,8.40E+12,USD,USD,
16819,[16968],1,[],0,0,-3576.8,,25,11,2002,25,11,2002,retraitespeces,rcashchri,,8.40E+12,USD,USD,
16836,[16985],1,[],0,0,-466.51,,4,12,2002,4,12,2002,retraitespeces,rcashbach,,8.40E+12,USD,USD,
16853,[17002],1,[],0,0,-10047.2,,13,12,2002,13,12,2002,retraitespeces,rcashgarry,,8.40E+12,USD,USD,
16852,[17001],1,[],0,0,-3014.16,,13,12,2002,13,12,2002,retraitespeces,rcashgary,,8.40E+12,USD,USD,
16864,[17013],1,[],0,0,-1858.73,,19,12,2002,19,12,2002,retraitespeces,rcashgary,,8.40E+12,USD,USD,
16863,[17012],1,[],0,0,-301.42,,19,12,2002,19,12,2002,retraitespeces,rcashgrah,,8.40E+12,USD,USD,
16895,[17045],1,[20],1,0,-502.36,,27,1,2003,27,1,2003,retraitespeces,rcashbam,r-cash/abdoul 502.36$,8.40E+12,USD,USD,best usd 460/2
16896,[17046],1,[21],1,0,-301.42,,27,1,2003,27,1,2003,retraitespeces,rcashrobe,r-cash/bob 301.42$,8.40E+12,USD,USD,best usd 460/2
16917,[17067],1,[36],1,0,-602.83,,14,2,2003,14,2,2003,retraitespeces,rcashfaou,r-cach fawzi 602.83$,8.40E+12,USD,USD,best usd 460/2
16916,[17066],1,[38],1,0,-251.18,,14,2,2003,14,2,2003,retraitespeces,rcashmust,r-cach sayahi 251.18$,8.40E+12,USD,USD,best usd 460/2
16918,[17068],1,[37],1,0,-401.89,,14,2,2003,14,2,2003,retraitespeces,rcashrobe,r-cach bob 401.89$,8.40E+12,USD,USD,best usd 460/2
16943,[17094],1,[64],1,0,-502.36,,6,3,2003,6,3,2003,retraitespeces,rcashrobe,r-cach bob 502.36$,8.40E+12,USD,USD,best usd 460/2
1484,[1514],1,[3110],1,1,-1000,,12,3,2003,12,3,2003,retraitespeces,rcashbach,virement ctd/tnd,7.89E+12,CTD,TNC,best ctd 460/2
16961,[17112],1,[83],1,0,-753.54,,25,3,2003,25,3,2003,retraitespeces,rcashavra,r-cach avram 753.54 $,8.40E+12,USD,USD,best usd 460/2
16962,[17113],1,[82],1,0,-602.83,,25,3,2003,25,3,2003,retraitespeces,rcashmusta,r-cach sayahi 602.83$,8.40E+12,USD,USD,best usd 460/2
16986,[17138],1,[104],1,0,-753.54,,15,4,2003,15,4,2003,retraitespeces,rcashabde,r-cach abdoul 753.54$,8.40E+12,USD,USD,best usd 460/2
16987,[17139],1,[105],1,0,-301.42,,15,4,2003,15,4,2003,retraitespeces,rcashrobe,r-cach bob 301.42 $,8.40E+12,USD,USD,best usd 460/2
17022,[17174],1,[144],1,0,-1507.08,,5,6,2003,5,6,2003,retraitespeces,rcashrobe,r-cach bob 1507.08$,8.40E+12,USD,USD,best usd 460/2
17035,[17187],1,[156],1,0,-502.36,,13,6,2003,13,6,2003,retraitespeces,rcashsaya,r-cach sayahi 502.36 $,8.40E+12,USD,USD,best usd 460/2
17057,[17210],1,[178],1,1,-301.42,,18,7,2003,18,7,2003,retraitespeces,rcashrobe,r-cach bob 301.42$,8.40E+12,USD,USD,best usd 460/2
17079,[17232],1,[201],1,0,-301.42,,14,8,2003,14,8,2003,retraitespeces,rcashbob,r-cach bob 301.42$,8.40E+12,USD,USD,best usd 460/2
17080,[17233],1,[204],1,0,-251.18,,15,8,2003,15,8,2003,retraitespeces,rcashmust,r-cach sayahi 251.18$,8.40E+12,USD,USD,best usd 460/2
17096,[17249],1,[218],1,0,-2511.8,,2,9,2003,2,9,2003,retraitespeces,cash,virement/simons 2511.8 $,8.40E+12,USD,USD,best usd 460/2
17101,[17255],1,[223],1,1,-858.04,,8,9,2003,8,9,2003,retraitespeces,cash,r-cach liviu 858.04$,8.40E+12,USD,USD,best usd 460/2
17102,[17256],1,[224],1,1,-858.04,,8,9,2003,8,9,2003,retraitespeces,cash,r-cach  popa858.04 $,8.40E+12,USD,USD,best usd 460/2
17104,[17258],1,[226],1,-1,-602.83,,11,9,2003,11,9,2003,retraitespeces,cash,r-cach bob 602.83$,8.40E+12,USD,USD,best usd 460/2
17109,[17263],1,[234],1,0,-2361.09,,19,9,2003,19,9,2003,retraitespeces,cash,r/cash 2350$ alim/caisse,8.40E+12,USD,USD,best usd 460/2
17110,[17264],1,[231],1,0,-4018.88,,19,9,2003,19,9,2003,retraitespeces,cash,r-cach  bob 4018.88$,8.40E+12,USD,USD,best usd 460/2
17129,[17285],1,[251],1,0,-583.49,,7,10,2003,7,10,2003,retraitespeces,rcashbach,r-cash michel f.583.49$,8.40E+12,USD,USD,best usd 460/2
17153,[17309],1,[276],1,0,-803.78,,13,11,2003,13,11,2003,retraitespeces,rcashrobe,r-cach bob 803.78$,8.40E+12,USD,USD,best usd 460/2
17160,[17316],1,[283],1,0,-1208.98,,24,11,2003,24,11,2003,retraitespeces,rcashrobe,r-cach bob 1208.98$,8.40E+12,USD,USD,best usd 460/2
2008,[2043],1,[3641],1,-1,-2000,,2,12,2003,2,12,2003,retraitespeces,rcashbach,virement sal.bfg 11,7.89E+12,CTD,TNC,best ctd 460/2
17162,[17318],1,[286],1,0,-200.94,,2,12,2003,2,12,2003,retraitespeces,rcashrobe,r-cach bob 200.94 $,8.40E+12,USD,USD,best usd 460/2
17176,[17332],1,[300],1,0,-2009.44,,19,12,2003,19,12,2003,retraitespeces,rcashhich,r-cach hichem 2009.44$,8.40E+12,USD,USD,best usd 460/2
17190,[17347],1,[315],1,0,-301.42,,2,1,2004,2,1,2004,retraitespeces,rcashrobe,r-cash bob 301.42$,8.40E+12,USD,USD,best usd 460/2
17196,[17353],1,[321],1,0,-301.42,,16,1,2004,16,1,2004,retraitespeces,rcashrobe,r-cash bob 301.42$,8.40E+12,USD,USD,best usd 460/2
2227,[2263],1,[3836],1,10,-6895,,26,2,2004,26,2,2004,retraitespeces,rcashmokt,rgt/sal.fevrier 04,7.89E+12,CTD,TNC,best ctd 460/2
2228,[2264],1,[3854],1,0,-1000,,26,2,2004,26,2,2004,retraitespeces,rcashmort,r-cash sal.bfg 02,7.89E+12,CTD,TNC,best ctd 460/2
17246,[17407],1,[374],1,0,-1356.37,,25,3,2004,25,3,2004,retraitespeces,rcashfox,r-cash bob fox 1356.37$,8.40E+12,USD,USD,best usd 460/2
17249,[17410],1,[373],1,1,-502.36,,26,3,2004,26,3,2004,retraitespeces,rcashloui,r-cash bob fox 502.36$,8.40E+12,USD,USD,best usd 460/2
2310,[2347],1,[3947],1,-11,-1100,,5,4,2004,5,4,2004,retraitespeces,rcashanou,r-cash avance/personnel,7.89E+12,CTD,TNC,best ctd 460/2
17288,[17451],1,[418],1,0,-364.71,,3,5,2004,3,5,2004,retraitespeces,rcashrobe,r-cash 300 euro,8.40E+12,USD,USD,best usd 460/2
2429,[2466],1,[4057],1,0,-2000,,7,6,2004,7,6,2004,retraitespeces,rcashbach,virement/sal.bfg 06,7.89E+12,CTD,TNC,best ctd 460/2
17369,[17533],1,[502],1,0,-1004,,6,8,2004,6,8,2004,retraitespeces,rcashbach,r/cach mariage nejla1000$,8.40E+12,USD,USD,best usd 460/2
2739,[2777],1,[4383],1,-3,-2000,,14,9,2004,14,9,2004,retraitespeces,cashbacha,virement/sal.bfg 10,7.89E+12,CTD,TNC,best ctd 460/2
2869,[2909],1,[4510],1,-1,-2000,,19,10,2004,19,10,2004,retraitespeces,rcashmokt,retrait cash sousse base,7.89E+12,CTD,TNC,best ctd 460/2
17459,[17625],1,[595],1,0,-5392.28,,26,11,2004,26,11,2004,retraitespeces,rcashbach,r-cash el ghussien 4000e,8.40E+12,USD,USD,best usd 460/2
17466,[17632],1,[603],1,0,-1004,,6,12,2004,6,12,2004,retraitespeces,rcashalin,ret/cash alin 1004$,8.40E+12,USD,USD,best usd 460/2
17494,[17661],1,[627],1,0,-1606.4,,7,1,2005,7,1,2005,retraitespeces,rcashbach,virt/teexco 1606.4$,8.40E+12,USD,USD,best usd 460/2
17585,[17753],1,[723],1,0,-602.4,,6,6,2005,6,6,2005,retraitespeces,rcashrobe,r-cash bob 602.4$,8.40E+12,USD,USD,best usd 460/2
17586,[17754],1,[725],1,0,-998.62,,8,6,2005,8,6,2005,retraitespeces,rcashbachi,r-cash bfg 998.62$,8.40E+12,USD,USD,best usd 460/2
17587,[17755],1,[726],1,0,-998.62,,8,6,2005,8,6,2005,retraitespeces,rcashrobe,r-cash bob 998.62$,8.40E+12,USD,USD,best usd 460/2
17647,[17816],1,[789],1,0,-1237.43,,21,9,2005,21,9,2005,retraitespeces,rcashbach,r-cash bfg 1237.43$,8.40E+12,USD,USD,best usd 460/2
17668,[17838],1,[810],1,0,-1221.57,,21,10,2005,21,10,2005,retraitespeces,elghousse,r-cach bfg 1221.57$,8.40E+12,USD,USD,best usd 460/2
17719,[17892],1,[864],1,0,-6024,,3,2,2006,3,2,2006,retraitespeces,rcashbach,r-cash bfg 6024$,8.40E+12,USD,USD,best usd 460/2
4076,[4124],1,[5693],1,2,1550.9,,24,2,2006,24,2,2006,cloturecompensat,compvirt,ret/virement,7.89E+12,CTD,TNC,best ctd 460/2
4122,[4170],1,[5741],1,2,1550.9,,3,3,2006,3,3,2006,transfercredit,virts,retour/virement global,7.89E+12,CTD,TNC,best ctd 460/2
17765,[17939],1,[913],1,0,-3126.28,,18,4,2006,18,4,2006,retraitespeces,rcashbach,r-cash bfg 3126.28$,8.40E+12,USD,USD,best usd 460/2
17780,[17954],1,[928],1,0,-2008,,8,5,2006,8,5,2006,retraitespeces,rcashbach,retrait cach bfg 2008$,8.40E+12,USD,USD,best usd 460/2
4722,[4773],1,[6344],1,0,-2000,,22,8,2006,22,8,2006,retraitespeces,rcashmort,ret/cash t.office,7.89E+12,CTD,TNC,best ctd 460/2
4765,[4816],1,[6350],1,1,-2000,,25,8,2006,25,8,2006,retraitespeces,rcashmokt,retrait cash s.base,7.89E+12,CTD,TNC,best ctd 460/2
17869,[18046],1,[1020],1,0,-1778.08,,5,10,2006,5,10,2006,retraitespeces,mise17199,retrait cash joe 1778.08$,8.40E+12,USD,USD,best usd 460/2
17897,[18075],1,[1050],1,1,-13005.82,,14,11,2006,14,11,2006,retraitespeces,rcashrob,r-cash bob 13005.82$,8.40E+12,USD,USD,best usd 460/2
17940,[18119],1,[1097],1,0,-1317.35,,19,1,2007,19,1,2007,retraitespeces,rcashrob,r.cash bob 1317.35$,8.40E+12,USD,USD,best usd 460/2
17963,[18142],1,[1119],1,0,-3315.21,,16,2,2007,16,2,2007,retraitespeces,rcashbac,virt/lee special.3315.21$,8.40E+12,USD,USD,best usd 460/2
17985,[18164],1,[1139],1,0,-19940.95,,6,3,2007,6,3,2007,retraitespeces,rcashrob,r-cash bob 19940.95$,8.40E+12,USD,USD,best usd 460/2
18016,[18195],1,[1170],1,2,-5020,,6,4,2007,6,4,2007,retraitespeces,rcashfad,retrait cash bfg 5020$,8.40E+12,USD,USD,best usd 460/2
18034,[18214],1,[1189],1,0,-3514,,25,4,2007,25,4,2007,retraitespeces,rcashali,retrait cash alin 3514$,8.40E+12,USD,USD,best usd 460/2
18040,[18221],1,[1192],1,0,-4136.38,,27,4,2007,27,4,2007,retraitespeces,rcashabd,ret/cash abdoul 4136.38$,8.40E+12,USD,USD,best usd 460/2
18079,[18260],1,[1235],1,0,-4109.57,,7,6,2007,7,6,2007,retraitespeces,rcashbac,ret/cash bfg 4109.57$,8.40E+12,USD,USD,best usd 460/2
18080,[18261],1,[1236],1,0,-4109.57,,7,6,2007,7,6,2007,retraitespeces,rcashrob,ret/cash bob 4109.57$,8.40E+12,USD,USD,best usd 460/2
18095,[18276],1,[1252],1,0,-9559.49,,26,6,2007,26,6,2007,retraitespeces,rcashbac,ret/cash bfg 9559.49$,8.40E+12,USD,USD,best usd 460/2
5817,[5879],1,[7448],1,0,700,,3,7,2007,3,7,2007,transfercredit,retourvirt,retour sal.med ali 06,7.89E+12,CTD,TNC,best ctd 460/2
18129,[18312],1,[1283],1,0,-10040,,24,7,2007,24,7,2007,retraitespeces,rcashbac,ret/cash bfg 10040$,8.40E+12,USD,USD,best usd 460/2
18156,[18339],1,[1312],1,1,-6893.97,,30,8,2007,30,8,2007,retraitespeces,rcashbac,ret.cash bfg 6893.97$,8.40E+12,USD,USD,best usd 460/2
18157,[18340],1,[1311],1,1,-4136.38,,30,8,2007,30,8,2007,retraitespeces,rcashfox,ret.cash bob 4136.38$,8.40E+12,USD,USD,best usd 460/2
18171,[18355],1,[1327],1,0,-2008,,24,9,2007,24,9,2007,retraitespeces,rcashyou,ret.cash bfg 2008$,8.40E+12,USD,USD,best usd 460/2
18256,[18443],1,[1412],1,0,-14931.49,,13,12,2007,13,12,2007,retraitespeces,rcashmok,r-cach bfg 14931.49$,8.40E+12,USD,USD,best usd 460/2
18262,[18449],1,[1417],1,0,-14610.21,,18,12,2007,18,12,2007,retraitespeces,rcashbac,r-cash bob 14610.21$,8.40E+12,USD,USD,best usd 460/2
18274,[18462],1,[1432],1,1,-4529.45,,15,1,2008,15,1,2008,retraitespeces,rcashrb,r.cash bob fox 4529.45$,8.40E+12,USD,USD,best usd 460/2
18283,[18471],1,[1437],1,0,-9036,,24,1,2008,24,1,2008,retraitespeces,rcashahm,r.cash ahmed 9036$,8.40E+12,USD,USD,best usd 460/2
18287,[18476],1,[1445],1,0,-2995.53,,25,1,2008,25,1,2008,retraitespeces,rcashabd,r.cash abdoul 2995.53$,8.40E+12,USD,USD,best usd 460/2
18335,[18524],1,[1493],1,0,-3154.57,,13,3,2008,13,3,2008,retraitespeces,rcashyou,r.cash mechichi 3154.57$,8.40E+12,USD,USD,best usd 460/2
18345,[18534],1,[1505],1,0,-3152.56,,25,3,2008,25,3,2008,retraitespeces,rcashbob,r-cash bob 3152.56$,8.40E+12,USD,USD,best usd 460/2
18352,[18542],1,[1513],1,1,-15882.28,,4,4,2008,4,4,2008,retraitespeces,rcashbac,r-cash bfg 15882.28$,8.40E+12,USD,USD,best usd 460/2
18365,[18555],1,[1524],1,0,-4846.31,,18,4,2008,18,4,2008,retraitespeces,rcashbac,r-cash bob 4846.31$,8.40E+12,USD,USD,best usd 460/2
18364,[18554],1,[1523],1,0,-4846.31,,18,4,2008,18,4,2008,retraitespeces,rcashfox,r-cash bfg 4846.31$,8.40E+12,USD,USD,best usd 460/2
18406,[18596],1,[1567],1,0,-7966.74,,28,5,2008,28,5,2008,retraitespeces,rcashfox,ret-cash bfg 7966.74$,8.40E+12,USD,USD,best usd 460/2
18405,[18595],1,[1566],1,0,-7966.74,,28,5,2008,28,5,2008,retraitespeces,rcashrob,ret-cash bob 7966.74$,8.40E+12,USD,USD,best usd 460/2
18423,[18613],1,[1587],1,0,-1569.75,,18,6,2008,18,6,2008,retraitespeces,rcashlou,ret-cash bob 1569.75$,8.40E+12,USD,USD,best usd 460/2
18432,[18622],1,[1594],1,0,-3149.15,,20,6,2008,20,6,2008,retraitespeces,rcashabd,ret-cash abdoul 3149.15$,8.40E+12,USD,USD,best usd 460/2
18477,[18669],1,[1640],1,0,-7595.76,,11,8,2008,11,8,2008,retraitespeces,rcashbac,ret-cash bob 7595.76$,8.40E+12,USD,USD,best usd 460/2
18476,[18668],1,[1639],1,0,-7595.76,,11,8,2008,11,8,2008,retraitespeces,rcashrob,ret-cash bfg 7595.76$,8.40E+12,USD,USD,best usd 460/2
18552,[18747],1,[1715],1,0,-6834.73,,17,10,2008,17,10,2008,retraitespeces,rcashbac,ret-cash bob 6834.73$,8.40E+12,USD,USD,best usd 460/2
18551,[18746],1,[1714],1,0,-6834.73,,17,10,2008,17,10,2008,retraitespeces,rcashfox,ret-cash bfg 6834.73$,8.40E+12,USD,USD,best usd 460/2
18576,[18771],1,[1740],1,0,-2561.61,,19,11,2008,19,11,2008,retraitespeces,rcashfox,ret-cash bob 2561.61$,8.40E+12,USD,USD,best usd 460/2
18583,[18778],1,[1747],1,0,-10040,,25,11,2008,25,11,2008,retraitespeces,rcashba,ret-cash abdoul 10040$,8.40E+12,USD,USD,best usd 460/2
18593,[18788],1,[1756],1,2,-3857.47,,4,12,2008,4,12,2008,retraitespeces,rcashrob,ret-cash bob 3857.47$,8.40E+12,USD,USD,best usd 460/2
18607,[18802],1,[1771],1,1,-29152.14,,18,12,2008,18,12,2008,retraitespeces,rcashbac,ret-cash bfg 29152.14$,8.40E+12,USD,USD,best usd 460/2
18611,[18806],1,[1776],1,0,-4261.08,,22,12,2008,22,12,2008,retraitespeces,rcashabd,ret-cash abdoul 4261.08$,8.40E+12,USD,USD,best usd 460/2
18612,[18807],1,[1777],1,1,-7096.27,,23,12,2008,23,12,2008,retraitespeces,rcashmok,ret-cash cherif 7096.27$,8.40E+12,USD,USD,best usd 460/2
18634,[18830],1,[1801],1,0,-17347.1,,12,1,2009,12,1,2009,retraitespeces,rcashbac,retrait/cash bfg 17347.1$,8.40E+12,USD,USD,best usd 460/2
18640,[18836],1,[1808],1,0,-4004.76,,15,1,2009,15,1,2009,retraitespeces,rcashmed,retait/cash med 4004.76$,8.40E+12,USD,USD,best usd 460/2
18655,[18851],1,[1821],1,0,-7946.86,,29,1,2009,29,1,2009,retraitespeces,rcashba,retrait/c.abdul 7946.86$,8.40E+12,USD,USD,best usd 460/2
18657,[18853],1,[1823],1,0,-19867.15,,30,1,2009,30,1,2009,retraitespeces,rcashmdk,retr/c.mokhtar 19867.15$,8.40E+12,USD,USD,best usd 460/2
18659,[18855],1,[1828],1,0,-19507.22,,5,2,2009,5,2,2009,retraitespeces,rcashbac,retrait/c.bfg 19507.22$,8.40E+12,USD,USD,best usd 460/2
18660,[18856],1,[1829],1,0,-6502.41,,5,2,2009,5,2,2009,retraitespeces,rcashrob,retrait/cash bob 6502.41$,8.40E+12,USD,USD,best usd 460/2
18715,[18911],1,[1885],1,0,-4130.96,,27,3,2009,27,3,2009,retraitespeces,rcashrob,retrait/cash bob 4130.96$,8.40E+12,USD,USD,best usd 460/2
18758,[18956],1,[1928],1,1,-6881.92,,14,5,2009,14,5,2009,retraitespeces,rcashbac,r-cash bfg 6881.92$,8.40E+12,USD,USD,best usd 460/2
18757,[18955],1,[1927],1,1,-6881.92,,14,5,2009,14,5,2009,retraitespeces,rcashrob,r-cash bob 6881.92$,8.40E+12,USD,USD,best usd 460/2
18775,[18973],1,[1946],1,0,-4281.26,,10,6,2009,10,6,2009,retraitespeces,rcashbob,r-cash bob 4281.26$,8.40E+12,USD,USD,best usd 460/2
18776,[18974],1,[1947],1,0,-2008,,12,6,2009,12,6,2009,retraitespeces,rcashnej,r-cash nejla2008$,8.40E+12,USD,USD,best usd 460/2
18800,[18999],1,[1972],1,0,-7159.02,,17,7,2009,17,7,2009,retraitespeces,retraitau,r-cash fawzi 7159.02$,8.40E+12,USD,USD,best usd 460/2
18810,[19009],1,[1983],1,0,-2877.46,,11,8,2009,11,8,2009,retraitespeces,rcashyou,r-cash youssef 2877.46$,8.40E+12,USD,USD,best usd 460/2
18811,[19010],1,[1984],1,0,-2893.53,,14,8,2009,14,8,2009,retraitespeces,rcashbac,r-cash bfg 2893.53$,8.40E+12,USD,USD,best usd 460/2
18812,[19011],1,[1985],1,0,-10040,,14,8,2009,14,8,2009,retraitespeces,rcashrob,r-cash bob 10040$,8.40E+12,USD,USD,best usd 460/2
18817,[19016],1,[1990],1,0,-4346.62,,24,8,2009,24,8,2009,retraitespeces,rcashbob,r-cash bob 4346.62$,8.40E+12,USD,USD,best usd 460/2
18828,[19027],1,[2006],1,-7,-4346.92,,4,9,2009,4,9,2009,retraitespeces,rcashahm,r-cash ahmed 4346.92$,8.40E+12,USD,USD,best usd 460/2
18842,[19042],1,[2015],1,0,-4500.53,,23,9,2009,23,9,2009,retraitespeces,autsortie,r-cash fawzi 4500.53$,8.40E+12,USD,USD,best usd 460/2
18869,[19070],1,[2042],1,0,-15226.66,,23,10,2009,23,10,2009,retraitespeces,rcashbac,r-cash bob 15226.66$,8.40E+12,USD,USD,best usd 460/2
18868,[19069],1,[2043],1,0,-7613.33,,23,10,2009,23,10,2009,retraitespeces,robertlui,r-cash bfg 7613.33$,8.40E+12,USD,USD,best usd 460/2
18871,[19072],1,[2044],1,0,-5020,,28,10,2009,28,10,2009,retraitespeces,rcashrob,r-cash bob 5020$,8.40E+12,USD,USD,best usd 460/2
18901,[19104],1,[2075],1,0,-3048.14,,1,12,2009,1,12,2009,retraitespeces,rcashbac,r-cash bfg 3048.14$,8.40E+12,USD,USD,best usd 460/2
18902,[19105],1,[2076],1,0,-3048.14,,1,12,2009,1,12,2009,retraitespeces,rcashlou,r-cash bob 3048.14$,8.40E+12,USD,USD,best usd 460/2
18911,[19114],1,[2085],1,0,-7442.65,,14,12,2009,14,12,2009,retraitespeces,rcashbac,r-cash bfg 7442.65$,8.40E+12,USD,USD,best usd 460/2
18910,[19113],1,[2084],1,0,-7442.65,,14,12,2009,14,12,2009,retraitespeces,rcashrob,r-cash bob 7442.65$,8.40E+12,USD,USD,best usd 460/2
18916,[19119],1,[2089],1,0,-7271.97,,21,12,2009,21,12,2009,retraitespeces,rcashba,r-cash abdul 7271.97$,8.40E+12,USD,USD,best usd 460/2
18922,[19125],1,[2096],1,0,-7293.56,,25,12,2009,25,12,2009,retraitespeces,rcashmok,r-cash cherif 7293.56$,8.40E+12,USD,USD,best usd 460/2
18924,[19127],1,[2101],1,0,-7274.48,,30,12,2009,30,12,2009,retraitespeces,rcashfa0,r-cash fawzi 7274.48$,8.40E+12,USD,USD,best usd 460/2
18966,[19173],1,[2143],1,0,-5020,,23,2,2010,23,2,2010,retraitespeces,rcashbac,r-cash bob 5020$,8.40E+12,USD,USD,best usd
18965,[19172],1,[2142],1,0,-5020,,23,2,2010,23,2,2010,retraitespeces,rcashrob,r-cash bfg 5020$,8.40E+12,USD,USD,best usd
18991,[19198],1,[2167],1,0,-4111.68,,23,3,2010,23,3,2010,retraitespeces,rcashabd,r-cash abdul 4111.68$,8.40E+12,USD,USD,best usd
12012,[12138],1,[11668],1,0,-12213.313,,29,4,2010,29,4,2010,retraitespeces,rcashche,r-cash rgt/salaires 04/10,7.89E+12,CTD,TNC,best ctd
12011,[12137],1,[11667],1,0,-10950,,29,4,2010,29,4,2010,retraitespeces,rcashmok,r-cash rgt/sub.bfg 2010,7.89E+12,CTD,TNC,best ctd
12013,[12139],1,[11666],1,0,-10000,,29,4,2010,29,4,2010,retraitespeces,rcashmok,r-cash avance/sousse,7.89E+12,CTD,TNC,best ctd
19032,[19241],1,[2207],1,0,-3848.73,,7,5,2010,7,5,2010,retraitespeces,rcashbac,r-cash bfg 3848.73$,8.40E+12,USD,USD,best usd
19035,[19244],1,[2212],1,0,-6428.61,,13,5,2010,13,5,2010,retraitespeces,rcashbac,r-cash bfg 6428.61$,8.40E+12,USD,USD,best usd
19036,[19245],1,[2213],1,0,-6428.61,,13,5,2010,13,5,2010,retraitespeces,rcashrob,r-cash bob 6428.61$,8.40E+12,USD,USD,best usd
19060,[19269],1,[2237],1,0,-3749.34,,16,6,2010,16,6,2010,retraitespeces,rcashbac,r-cash bob 3749.34$,8.40E+12,USD,USD,best usd
19059,[19268],1,[2236],1,0,-3749.34,,16,6,2010,16,6,2010,retraitespeces,rcashrob,r-cash bfg 3749.34$,8.40E+12,USD,USD,best usd
19074,[19284],1,[2251],1,0,-3012,,9,7,2010,9,7,2010,retraitespeces,rcashr0b,r-cash bob 3012$,8.40E+12,USD,USD,best usd
19080,[19290],1,[2257],1,0,-5020,,15,7,2010,15,7,2010,retraitespeces,autsorto,r-cash fawzi 5020$,8.40E+12,USD,USD,best usd
12342,[12471],1,[11887],1,0,-10000,,28,7,2010,28,7,2010,retraitespeces,rcashmok,r-cash avance/b.sousse,7.89E+12,CTD,TNC,best ctd
19087,[19297],1,[2264],1,0,-3959.58,,28,7,2010,28,7,2010,retraitespeces,rcashfdx,r-cash bob 3959.58$,8.40E+12,USD,USD,best usd
19126,[19337],1,[2306],1,0,-7755.89,,8,9,2010,8,9,2010,retraitespeces,rcashbac,r-cash bfg 7755.89$,8.40E+12,USD,USD,best usd
19130,[19341],1,[2308],1,0,-2612.01,,14,9,2010,14,9,2010,retraitespeces,aut050356,r-cash bob 2612.01$,8.40E+12,USD,USD,best usd
19156,[19368],1,[2333],1,1,-4247.22,,13,10,2010,13,10,2010,retraitespeces,rcashfad,r-cach g.faouzi 4247.22$,8.40E+12,USD,USD,best usd
19182,[19394],1,[2362],1,0,-6937.64,,19,11,2010,19,11,2010,retraitespeces,rcashrl,r-cash bob 6937.64$,8.40E+12,USD,USD,best usd
19185,[19397],1,[2365],1,0,-2062.92,,23,11,2010,23,11,2010,retraitespeces,rcashbra,r-cash bfg 2062.92$,8.40E+12,USD,USD,best usd
19190,[19402],1,[2368],1,0,-2689.72,,29,11,2010,29,11,2010,retraitespeces,autsort0,r-cash stef ano 2689.72$,8.40E+12,USD,USD,best usd
19196,[19408],1,[2376],1,0,-2695.34,,6,12,2010,6,12,2010,retraitespeces,rcashrob,r-cashe stephano 2695.34$,8.40E+12,USD,USD,best usd
19195,[19407],1,[2375],1,0,-2695.34,,6,12,2010,6,12,2010,retraitespeces,rcashste,r-cashe bob 2695.34$,8.40E+12,USD,USD,best usd
19207,[19419],1,[2386],1,0,-6687.64,,21,12,2010,21,12,2010,retraitespeces,rcashfao,r-cashe faouzi 6687.64$,8.40E+12,USD,USD,best usd
19208,[19420],1,[2388],1,0,-3988.79,,23,12,2010,23,12,2010,retraitespeces,rcashmdk,r-cash mokhtar 3988.79$,8.40E+12,USD,USD,best usd
19225,[19438],1,[2407],1,0,-6645.98,,13,1,2011,13,1,2011,retraitespeces,rcashbac,r-cash bfg 6645.98$,8.40E+12,USD,USD,best usd
19226,[19439],1,[2408],1,0,-2658.39,,13,1,2011,13,1,2011,retraitespeces,rcashgae,r-cash bob 2658.39$,8.40E+12,USD,USD,best usd
19227,[19440],1,[2409],1,0,-2658.39,,13,1,2011,13,1,2011,retraitespeces,rcashrob,r-cash stef ano 2658.39$,8.40E+12,USD,USD,best usd
19231,[19444],1,[2414],1,0,-2762.2,,31,1,2011,31,1,2011,retraitespeces,rcashgae,r-cash stef ano 2762.2$,8.40E+12,USD,USD,best usd
13395,[13529],1,[12332],1,0,-1975.806,,4,2,2011,4,2,2011,retraitespeces,rcashrob,r-cash bob 1000e,7.89E+12,CTD,TNC,best ctd
19243,[19456],1,[2423],1,0,-2750.36,,11,2,2011,11,2,2011,retraitespeces,rcashbac,r-cash bfg 2750.36$,8.40E+12,USD,USD,best usd
19244,[19457],1,[2424],1,0,-2750.36,,11,2,2011,11,2,2011,retraitespeces,rcashrob,r-cash bob 2750.36$,8.40E+12,USD,USD,best usd
19246,[19459],1,[2429],1,0,-5506.74,,17,2,2011,17,2,2011,retraitespeces,rcashrob,r-cash bob 5506.74$,8.40E+12,USD,USD,best usd
19247,[19460],1,[2430],1,0,-2753.37,,17,2,2011,17,2,2011,retraitespeces,rcashste,r-cash stef ano 2753.37$,8.40E+12,USD,USD,best usd
19249,[19462],1,[2432],1,0,-9283.88,,18,2,2011,18,2,2011,retraitespeces,rcashbach,r-cash bfg 9283.88$,8.40E+12,USD,USD,best usd
19253,[19466],1,[2436],1,0,-2804.98,,25,2,2011,25,2,2011,retraitespeces,rcashgae,r-cash stef ano 2804.98$,8.40E+12,USD,USD,best usd
19271,[19485],1,[2453],1,0,-7095.27,,16,3,2011,16,3,2011,retraitespeces,rcashbal,r-cash bfg 7095.27$,8.40E+12,USD,USD,best usd
19273,[19487],1,[2455],1,0,-7095.27,,16,3,2011,16,3,2011,retraitespeces,rcashrob,r-cash bob 7095.27$,8.40E+12,USD,USD,best usd
19272,[19486],1,[2454],1,0,-2838.11,,16,3,2011,16,3,2011,retraitespeces,rcashste,r-cash stef ano 2838.11$,8.40E+12,USD,USD,best usd
19283,[19497],1,[2466],1,0,-2848.75,,28,3,2011,28,3,2011,retraitespeces,rcashgae,r-cash stef ano 2848.75$,8.40E+12,USD,USD,best usd
19295,[19509],1,[2479],1,0,-2008,,6,4,2011,6,4,2011,retraitespeces,rcashmok,r-cash m.cherif 2008$,8.40E+12,USD,USD,best usd
19297,[19511],1,[2484],1,-6,-2898.15,,7,4,2011,7,4,2011,retraitespeces,rcashbac,r-cash bfg 2898.15$,8.40E+12,USD,USD,best usd
19296,[19510],1,[2480],1,0,-2898.15,,7,4,2011,7,4,2011,retraitespeces,rcashste,r-cash stef ano 2898.15$,8.40E+12,USD,USD,best usd
19300,[19514],1,[2485],1,1,-2940.72,,14,4,2011,14,4,2011,retraitespeces,rcashgae,r-cash stef ano 2940.72$,8.40E+12,USD,USD,best usd
19301,[19515],1,[2483],1,1,-4411.07,,14,4,2011,14,4,2011,retraitespeces,rcashrob,r-cash bob 4411.07$,8.40E+12,USD,USD,best usd
19311,[19525],1,[2494],1,3,-2955.78,,25,4,2011,25,4,2011,retraitespeces,rcashbac,r-cash bfg 2955.78$,8.40E+12,USD,USD,best usd
19310,[19524],1,[2493],1,3,-2955.78,,25,4,2011,25,4,2011,retraitespeces,rcashrob,r-cash bob 2955.78$,8.40E+12,USD,USD,best usd
19312,[19526],1,[2495],1,3,-5911.55,,25,4,2011,25,4,2011,retraitespeces,rcashste,r-cash stef ano 5911.55$,8.40E+12,USD,USD,best usd
19318,[19532],1,[2503],1,0,-4498.42,,4,5,2011,4,5,2011,retraitespeces,rcashbac,r-cash bob 4498.42$,8.40E+12,USD,USD,best usd
19320,[19534],1,[2504],1,0,-4498.42,,4,5,2011,4,5,2011,retraitespeces,rcashrob,r-cash bfg 4498.42$,8.40E+12,USD,USD,best usd
19319,[19533],1,[2505],1,0,-1499.47,,4,5,2011,4,5,2011,retraitespeces,rcashste,r-cash stef ano 1499.47$,8.40E+12,USD,USD,best usd
19332,[19546],1,[2517],1,0,-1424.17,,12,5,2011,12,5,2011,retraitespeces,rcashahm,r-cash ahmed 1424.17$,8.40E+12,USD,USD,best usd
19331,[19545],1,[2516],1,0,-2848.35,,12,5,2011,12,5,2011,retraitespeces,rcashbac,r-cash stef ano 2848.35$,8.40E+12,USD,USD,best usd
19330,[19544],1,[2515],1,0,-2848.35,,12,5,2011,12,5,2011,retraitespeces,rcashste,r-cash bfg 2848.35$,8.40E+12,USD,USD,best usd
19334,[19548],1,[2519],1,0,-4258.97,,16,5,2011,16,5,2011,retraitespeces,rcashrob,r-cash bob 4258.97$,8.40E+12,USD,USD,best usd
19342,[19556],1,[2527],1,0,-2896.74,,30,5,2011,30,5,2011,retraitespeces,rcashbac,r-cash bfg 2896.74$,8.40E+12,USD,USD,best usd
19343,[19557],1,[2528],1,0,-2172.56,,30,5,2011,30,5,2011,retraitespeces,rcashste,r-cash stef ano 2172.56$,8.40E+12,USD,USD,best usd
19347,[19561],1,[2533],1,0,-2972.04,,6,6,2011,6,6,2011,retraitespeces,rcashrob,r-cash bob 2972.04$,8.40E+12,USD,USD,best usd
19346,[19560],1,[2532],1,0,-1486.02,,6,6,2011,6,6,2011,retraitespeces,rcashste,r-cash stef ano 1486.02$,8.40E+12,USD,USD,best usd
19351,[19565],1,[2538],1,0,-4464.69,,8,6,2011,8,6,2011,retraitespeces,autsorts,r-cash o'neil 4464.69$,8.40E+12,USD,USD,best usd
19363,[19577],1,[2549],1,0,-3454.88,,20,6,2011,20,6,2011,retraitespeces,rcashbac,r-cash bfg 3454.88$,8.40E+12,USD,USD,best usd
19362,[19576],1,[2548],1,0,-2159.3,,20,6,2011,20,6,2011,retraitespeces,rcashste,r-cash stef ano 2159.30$,8.40E+12,USD,USD,best usd
19369,[19583],1,[2555],1,0,-4286.08,,24,6,2011,24,6,2011,retraitespeces,rcashba,r-cashe abdoul 4286.08$,8.40E+12,USD,USD,best usd
19368,[19582],1,[2554],1,0,-4286.08,,24,6,2011,24,6,2011,retraitespeces,rcashste,r-cashe stefano 4286.08$,8.40E+12,USD,USD,best usd
19392,[19607],1,[2580],1,0,-3137.38,,18,7,2011,18,7,2011,retraitespeces,retrcash,r-cashe stefano 3137.38$,8.40E+12,USD,USD,best usd
19410,[19625],1,[2598],1,0,-3576.75,,9,8,2011,9,8,2011,retraitespeces,rcashste,r-cashe stefano 3576.75$,8.40E+12,USD,USD,best usd
19442,[19657],1,[2631],1,0,-5542.08,,15,9,2011,15,9,2011,retraitespeces,rcashabd,r-cash stef ano 5542.08$,8.40E+12,USD,USD,best usd
19443,[19658],1,[2632],1,0,-5542.08,,15,9,2011,15,9,2011,retraitespeces,rcashgae,r-cash abdoul 5542.08$,8.40E+12,USD,USD,best usd
19450,[19665],1,[2639],1,0,-4115.9,,19,9,2011,19,9,2011,retraitespeces,rcashbac,r-cash bob 4115.9$,8.40E+12,USD,USD,best usd
19451,[19666],1,[2640],1,0,-2743.93,,19,9,2011,19,9,2011,retraitespeces,rcashbac,r-cash bfg 2743.93$,8.40E+12,USD,USD,best usd
19453,[19668],1,[2642],1,0,-2057.95,,19,9,2011,19,9,2011,retraitespeces,rcashgae,r-cash stef ano 2057.95$,8.40E+12,USD,USD,best usd
19452,[19667],1,[2641],1,0,-4115.9,,19,9,2011,19,9,2011,retraitespeces,rcashrob,r-cash bfg 4115.9$,8.40E+12,USD,USD,best usd
19473,[19689],1,[2663],1,0,-1004,,6,10,2011,6,10,2011,retraitespeces,rcashbac,r-cash bfg 1004$,8.40E+12,USD,USD,best usd
19474,[19690],1,[2664],1,0,-5387.46,,6,10,2011,6,10,2011,retraitespeces,rcashbac,r-cash bfg 5387.46$,8.40E+12,USD,USD,best usd
19479,[19695],1,[2669],1,0,-4159.57,,12,10,2011,12,10,2011,retraitespeces,rcashrob,r-cash bob 4159.57$,8.40E+12,USD,USD,best usd
19480,[19696],1,[2670],1,0,-4159.57,,12,10,2011,12,10,2011,retraitespeces,rcashste,r-cash stef ano 4159.57$,8.40E+12,USD,USD,best usd
19497,[19714],1,[2687],1,0,-2111.41,,31,10,2011,31,10,2011,retraitespeces,rcashste,r-cash stef ano 2111.41$,8.40E+12,USD,USD,best usd
19509,[19726],1,[2699],1,0,-4102.34,,10,11,2011,10,11,2011,retraitespeces,rcashrob,r-cash bob 4102.34$,8.40E+12,USD,USD,best usd
19524,[19741],1,[2714],1,0,-5381.44,,24,11,2011,24,11,2011,retraitespeces,rcashste,r-cash stef ano 5381.44$,8.40E+12,USD,USD,best usd
19526,[19743],1,[2716],1,0,-13393.36,,28,11,2011,28,11,2011,retraitespeces,rcashba,r-cash abdoul 13393.36$,8.40E+12,USD,USD,best usd
19527,[19744],1,[2717],1,0,-2021.05,,28,11,2011,28,11,2011,retraitespeces,rcashste,r-cash stef ano 2021.05$,8.40E+12,USD,USD,best usd
19550,[19767],1,[2738],1,0,-3391.01,,6,12,2011,6,12,2011,retraitespeces,rcashgae,r-cash stef ano 3391.01$,8.40E+12,USD,USD,best usd
19551,[19768],1,[2737],1,0,-2008,,6,12,2011,6,12,2011,retraitespeces,rcashrob,r-cash bob 2008$,8.40E+12,USD,USD,best usd
19580,[19799],1,[2768],1,0,-2580.68,,9,1,2012,9,1,2012,retraitespeces,rcashrob,r-cash bob 2580.68$,8.40E+12,USD,USD,al baraka usd
19581,[19800],1,[2769],1,0,-1925.42,,9,1,2012,9,1,2012,retraitespeces,rcashste,r-cash gaeta 1925.42$,8.40E+12,USD,USD,al baraka usd
19590,[19809],1,[2778],1,0,-2643.73,,25,1,2012,25,1,2012,retraitespeces,rcashahm,r-cash ahmed 2643.73$,8.40E+12,USD,USD,al baraka usd
19597,[19816],1,[2785],1,0,-1980.39,,1,2,2012,1,2,2012,retraitespeces,rcashba,r-cash abdul 1980.39$,8.40E+12,USD,USD,al baraka usd
15434,[15577],1,[13110],1,0,-10000,,20,2,2012,20,2,2012,retraitespeces,rcashrid,r-cash avance/s.base,7.89E+12,CTD,TNC,al baraka tnc
19614,[19833],1,[2803],1,1,-2700.76,,29,2,2012,29,2,2012,retraitespeces,rcashbac,r-cash bob 2700.76$,8.40E+12,USD,USD,al baraka usd
19615,[19834],1,[2804],1,1,-1851.4,,29,2,2012,29,2,2012,retraitespeces,rcashbac,r-cash bfg 1851.4$,8.40E+12,USD,USD,al baraka usd
19618,[19837],1,[2801],1,1,-4085.04,,29,2,2012,29,2,2012,retraitespeces,rcashbac,r-cash bfg 4085.04$,8.40E+12,USD,USD,al baraka usd
19616,[19835],1,[2805],1,1,-2700.76,,29,2,2012,29,2,2012,retraitespeces,rcashrob,r-cash bfg 2700.76$,8.40E+12,USD,USD,al baraka usd
19617,[19836],1,[2802],1,1,-4016,,29,2,2012,29,2,2012,retraitespeces,rcashrob,r-cash bob 4016$,8.40E+12,USD,USD,al baraka usd
19613,[19832],1,[2806],1,1,-8102.28,,29,2,2012,29,2,2012,retraitespeces,rcashste,r-cash geata 8102.28$,8.40E+12,USD,USD,al baraka usd
19659,[19878],1,[2848],1,0,-2623.45,,16,4,2012,16,4,2012,retraitespeces,rcashrob,r-cash bob 2623.45$,8.40E+12,USD,USD,al baraka usd
19660,[19879],1,[2849],1,0,-1967.59,,16,4,2012,16,4,2012,retraitespeces,rcashste,r-cash stef ano 1967.59$,8.40E+12,USD,USD,al baraka usd
19669,[19888],1,[2858],1,-1,-6651.5,,25,4,2012,25,4,2012,retraitespeces,rcashbac,r-cash bfg 6651.5$,8.40E+12,USD,USD,al baraka usd
19671,[19890],1,[2859],1,0,-4004.76,,27,4,2012,27,4,2012,retraitespeces,rcashrob,r-cash bob 4004.76$,8.40E+12,USD,USD,al baraka usd
19676,[19895],1,[2864],1,1,-3006.98,,7,5,2012,7,5,2012,retraitespeces,rcashabd,r-cash omrane 3006.98$,8.40E+12,USD,USD,al baraka usd
19678,[19897],1,[2866],1,1,-3955.06,,7,5,2012,7,5,2012,retraitespeces,rcashbac,r-cash bfg 3955.06$,8.40E+12,USD,USD,al baraka usd
19677,[19896],1,[2865],1,1,-2636.7,,7,5,2012,7,5,2012,retraitespeces,rcashste,r-cash stef ano 2636.7$,8.40E+12,USD,USD,al baraka usd
19687,[19906],1,[2875],1,0,-3077.7,,15,5,2012,15,5,2012,retraitespeces,rcashabd,r-cash amrane 3077.7$,8.40E+12,USD,USD,al baraka usd
19688,[19907],1,[2876],1,0,-3232.88,,15,5,2012,15,5,2012,retraitespeces,rcashba,r-cash abdul 3232.88$,8.40E+12,USD,USD,al baraka usd
19689,[19908],1,[2877],1,0,-2556.18,,21,5,2012,21,5,2012,retraitespeces,rcashste,r-cash stef ano 2556.18$,8.40E+12,USD,USD,al baraka usd
19692,[19911],1,[2880],1,0,-5020,,24,5,2012,24,5,2012,retraitespeces,rcashrob,r-cash bob 5020$,8.40E+12,USD,USD,al baraka usd
19707,[19927],1,[2892],1,2,-4850.24,,7,6,2012,7,6,2012,retraitespeces,rcashbac,r-cash bfg 4850.24$,8.40E+12,USD,USD,al baraka usd
19706,[19926],1,[2891],1,2,-4850.24,,7,6,2012,7,6,2012,retraitespeces,rcashste,r-cash stef ano 4850.24$,8.40E+12,USD,USD,al baraka usd
19742,[19963],1,[2929],1,0,-2489.12,,14,8,2012,14,8,2012,retraitespeces,rcashbac,r-cash bfg 2489.12$,8.40E+12,USD,USD,al baraka usd
19743,[19964],1,[2930],1,0,-2489.12,,14,8,2012,14,8,2012,retraitespeces,rcashrob,r-cash bob 2489.12$,8.40E+12,USD,USD,al baraka usd
19745,[19966],1,[2932],1,0,-8175.06,,15,8,2012,15,8,2012,retraitespeces,rcashbac,r-cash bfg 8175.06$,8.40E+12,USD,USD,al baraka usd
